city,plot_id,buffer_radius,NDVI_count,NDVI_inclwater_count,NDVI_mean,NDVI_stdev,NDVI_min,NDVI_max,water_proportion
Mandalay,MDLDT01,100,316,316,0.124,0.1242,-0.0675,0.5498,0
Mandalay,MDLDT01,125,489,489,0.1444,0.1369,-0.0675,0.5498,0
Mandalay,MDLDT01,50,80,80,0.0783,0.0681,-0.0333,0.2677,0
Mandalay,MDLDT01,75,175,175,0.09,0.0842,-0.0333,0.4967,0
Mandalay,MDLDT02,100,277,316,0.0962,0.0833,-0.0316,0.4259,0.123
Mandalay,MDLDT02,125,420,488,0.1065,0.0927,-0.0316,0.4276,0.139
Mandalay,MDLDT02,50,78,81,0.0536,0.0481,-0.0282,0.2166,0.037
Mandalay,MDLDT02,75,161,175,0.0789,0.0673,-0.0282,0.3546,0.08
Mandalay,MDLDT03,100,203,311,0.1362,0.079,-0.0027,0.4744,0.347
Mandalay,MDLDT03,125,346,493,0.1578,0.0902,-0.0403,0.4744,0.298
Mandalay,MDLDT03,50,58,77,0.1182,0.0556,0.034,0.2864,0.247
Mandalay,MDLDT03,75,126,179,0.1185,0.0572,-0.0011,0.3325,0.296
Mandalay,MDLDT04,100,317,317,0.177,0.1229,-0.0375,0.4692,0
Mandalay,MDLDT04,125,490,490,0.1795,0.1191,-0.0375,0.4711,0
Mandalay,MDLDT04,50,79,79,0.1819,0.1089,0.0063,0.4682,0
Mandalay,MDLDT04,75,173,173,0.1838,0.1198,-0.0375,0.4692,0
Mandalay,MDLDT05,100,315,315,0.149,0.0925,-0.0138,0.5018,0
Mandalay,MDLDT05,125,491,491,0.1512,0.0942,-0.0138,0.5018,0
Mandalay,MDLDT05,50,79,79,0.0928,0.0546,-0.0027,0.2609,0
Mandalay,MDLDT05,75,176,176,0.12,0.0675,-0.0138,0.3328,0
Mandalay,MDLDT06,100,316,316,0.1077,0.0727,-0.0422,0.4905,0
Mandalay,MDLDT06,125,494,494,0.1129,0.0774,-0.0422,0.4905,0
Mandalay,MDLDT06,50,79,79,0.113,0.0487,-0.0131,0.2562,0
Mandalay,MDLDT06,75,179,179,0.1052,0.0661,-0.0422,0.3193,0
Mandalay,MDLDT07,100,311,311,0.1571,0.1001,-0.0309,0.5064,0
Mandalay,MDLDT07,125,494,494,0.1533,0.1068,-0.0309,0.5064,0
Mandalay,MDLDT07,50,77,77,0.1698,0.0901,-0.0223,0.4754,0
Mandalay,MDLDT07,75,178,178,0.1649,0.0907,-0.0223,0.4754,0
Mandalay,MDLDT08,100,317,317,0.0989,0.06,-0.0286,0.4518,0
Mandalay,MDLDT08,125,488,488,0.0962,0.0586,-0.0286,0.4518,0
Mandalay,MDLDT08,50,80,80,0.1083,0.0479,-0.0079,0.2952,0
Mandalay,MDLDT08,75,177,177,0.0998,0.0466,-0.0079,0.2952,0
Mandalay,MDLDT09,100,212,316,0.081,0.0449,-0.0535,0.2581,0.329
Mandalay,MDLDT09,125,343,491,0.1103,0.1138,-0.0573,0.5142,0.301
Mandalay,MDLDT09,50,66,80,0.0983,0.0511,0.0036,0.2581,0.175
Mandalay,MDLDT09,75,128,176,0.0867,0.0481,-0.0535,0.2581,0.273
Mandalay,MDLDT10,100,312,312,0.0776,0.0725,-0.1009,0.4606,0
Mandalay,MDLDT10,125,491,491,0.0912,0.0827,-0.1009,0.4878,0
Mandalay,MDLDT10,50,78,78,0.0898,0.0716,-0.0476,0.2632,0
Mandalay,MDLDT10,75,180,180,0.0717,0.0644,-0.0679,0.2632,0
Mandalay,MDLMH01,100,313,313,0.3823,0.1051,0.0854,0.5871,0
Mandalay,MDLMH01,125,493,493,0.3865,0.1019,0.0854,0.5933,0
Mandalay,MDLMH01,50,78,78,0.3962,0.0835,0.133,0.552,0
Mandalay,MDLMH01,75,177,177,0.386,0.0929,0.133,0.5871,0
Mandalay,MDLMH02,100,314,314,0.3823,0.0934,0.0595,0.5912,0
Mandalay,MDLMH02,125,492,492,0.3872,0.0914,0.0595,0.6103,0
Mandalay,MDLMH02,50,79,79,0.4055,0.0778,0.1987,0.5626,0
Mandalay,MDLMH02,75,177,177,0.3895,0.0927,0.091,0.5912,0
Mandalay,MDLMH03,100,314,314,0.429,0.087,0.0461,0.5992,0
Mandalay,MDLMH03,125,492,492,0.4208,0.0766,0.0461,0.5992,0
Mandalay,MDLMH03,50,77,77,0.4383,0.1002,0.0759,0.5992,0
Mandalay,MDLMH03,75,179,179,0.423,0.103,0.0461,0.5992,0
Mandalay,MDLMH04,100,316,316,0.4131,0.0737,0.082,0.6013,0
Mandalay,MDLMH04,125,492,492,0.4042,0.0789,0.0725,0.6013,0
Mandalay,MDLMH04,50,79,79,0.4115,0.0575,0.2396,0.5087,0
Mandalay,MDLMH04,75,177,177,0.4182,0.0537,0.2396,0.5305,0
Mandalay,MDLMH05,100,316,316,0.422,0.0894,0.0779,0.5643,0
Mandalay,MDLMH05,125,493,493,0.4191,0.0894,0.0779,0.5643,0
Mandalay,MDLMH05,50,79,79,0.4433,0.0579,0.1984,0.5492,0
Mandalay,MDLMH05,75,178,178,0.4258,0.0938,0.0779,0.5643,0
Mandalay,MDLMH06,100,316,316,0.3707,0.1379,-0.0002,0.6192,0
Mandalay,MDLMH06,125,491,491,0.3862,0.1251,-0.0002,0.6192,0
Mandalay,MDLMH06,50,80,80,0.4007,0.1377,0.1305,0.6192,0
Mandalay,MDLMH06,75,177,177,0.3702,0.1431,0.0009,0.6192,0
Mandalay,MDLMH07,100,316,316,0.3975,0.0617,0.1576,0.5485,0
Mandalay,MDLMH07,125,488,488,0.3887,0.0711,0.0897,0.5906,0
Mandalay,MDLMH07,50,80,80,0.4109,0.0445,0.2866,0.5289,0
Mandalay,MDLMH07,75,175,175,0.4051,0.0533,0.1576,0.5485,0
Mandalay,MDLMH08,100,311,311,0.3892,0.0662,0.2201,0.5506,0
Mandalay,MDLMH08,125,492,492,0.3975,0.0668,0.2201,0.5506,0
Mandalay,MDLMH08,50,77,77,0.3484,0.0428,0.221,0.464,0
Mandalay,MDLMH08,75,179,179,0.3701,0.0589,0.2201,0.5331,0
Mandalay,MDLMH09,100,311,311,0.4239,0.1158,0.0026,0.6222,0
Mandalay,MDLMH09,125,493,493,0.4191,0.1118,0.0026,0.6222,0
Mandalay,MDLMH09,50,77,77,0.4683,0.0533,0.3783,0.6222,0
Mandalay,MDLMH09,75,177,177,0.4475,0.0857,0.1061,0.6222,0
Mandalay,MDLMH10,100,311,311,0.4654,0.0663,0.1959,0.6117,0
Mandalay,MDLMH10,125,493,493,0.4516,0.0776,0.155,0.6117,0
Mandalay,MDLMH10,50,78,78,0.4684,0.0757,0.1959,0.6117,0
Mandalay,MDLMH10,75,179,179,0.46,0.074,0.1959,0.6117,0
Mandalay,MDLUC01,100,313,313,0.4838,0.0766,0.2702,0.6603,0
Mandalay,MDLUC01,125,491,491,0.4789,0.0779,0.1761,0.6603,0
Mandalay,MDLUC01,50,77,77,0.4534,0.0707,0.2752,0.5914,0
Mandalay,MDLUC01,75,179,179,0.4669,0.0713,0.2702,0.6603,0
Mandalay,MDLUC02,100,316,316,0.3975,0.1203,0.0726,0.6209,0
Mandalay,MDLUC02,125,487,487,0.3864,0.1235,0.0567,0.6209,0
Mandalay,MDLUC02,50,80,80,0.4407,0.1018,0.1804,0.6209,0
Mandalay,MDLUC02,75,175,175,0.4297,0.1005,0.1171,0.6209,0
Mandalay,MDLUC03,100,317,317,0.398,0.1127,0.0743,0.676,0
Mandalay,MDLUC03,125,489,489,0.4028,0.1149,0.0648,0.676,0
Mandalay,MDLUC03,50,80,80,0.3703,0.1064,0.0743,0.5608,0
Mandalay,MDLUC03,75,173,173,0.4066,0.1106,0.0743,0.676,0
Mandalay,MDLUC04,100,315,315,0.3476,0.112,0.0699,0.569,0
Mandalay,MDLUC04,125,491,491,0.3571,0.1115,0.0699,0.5951,0
Mandalay,MDLUC04,50,79,79,0.3539,0.1228,0.0699,0.5509,0
Mandalay,MDLUC04,75,177,177,0.351,0.1234,0.0699,0.569,0
Mandalay,MDLUC05,100,316,316,0.4373,0.1058,0.0982,0.6489,0
Mandalay,MDLUC05,125,487,487,0.4272,0.1098,0.0982,0.6489,0
Mandalay,MDLUC05,50,81,81,0.4494,0.0874,0.1308,0.5864,0
Mandalay,MDLUC05,75,175,175,0.4477,0.0967,0.1308,0.6133,0
Mandalay,MDLUC06,100,317,317,0.4508,0.113,0.2,0.6641,0
Mandalay,MDLUC06,125,490,490,0.4552,0.1198,0.1501,0.671,0
Mandalay,MDLUC06,50,79,79,0.4539,0.0879,0.2442,0.6083,0
Mandalay,MDLUC06,75,173,173,0.437,0.1029,0.2022,0.6461,0
Mandalay,MDLUC07,100,315,315,0.3674,0.1341,0.0058,0.6067,0
Mandalay,MDLUC07,125,490,490,0.3629,0.1438,-0.0175,0.6067,0
Mandalay,MDLUC07,50,80,80,0.401,0.1029,0.1309,0.5791,0
Mandalay,MDLUC07,75,177,177,0.3789,0.125,0.0058,0.6067,0
Mandalay,MDLUC08,100,312,312,0.4752,0.1026,0.1797,0.6636,0
Mandalay,MDLUC08,125,492,492,0.4501,0.1153,0.0872,0.6742,0
Mandalay,MDLUC08,50,78,78,0.432,0.0982,0.2258,0.6272,0
Mandalay,MDLUC08,75,177,177,0.4772,0.1029,0.1797,0.6568,0
Mandalay,MDLUC09,100,316,316,0.4372,0.0663,0.2108,0.6007,0
Mandalay,MDLUC09,125,486,486,0.4194,0.0815,0.1181,0.6007,0
Mandalay,MDLUC09,50,80,80,0.427,0.0633,0.2502,0.5576,0
Mandalay,MDLUC09,75,175,175,0.436,0.0616,0.2108,0.5576,0
Mandalay,MDLUC10,100,312,312,0.4525,0.1078,0.0389,0.6282,0
Mandalay,MDLUC10,125,493,493,0.4399,0.1251,0.0389,0.6282,0
Mandalay,MDLUC10,50,77,77,0.4784,0.0845,0.2765,0.619,0
Mandalay,MDLUC10,75,178,178,0.4793,0.0753,0.2716,0.6282,0
Mandalay,MDLRP01,100,316,316,0.3173,0.1194,0.1119,0.5877,0
Mandalay,MDLRP01,125,491,491,0.3013,0.1125,0.1119,0.5877,0
Mandalay,MDLRP01,50,79,79,0.3291,0.0858,0.1965,0.4759,0
Mandalay,MDLRP01,75,174,174,0.325,0.106,0.1692,0.5877,0
Mandalay,MDLRP02,100,312,312,0.1781,0.0326,0.1216,0.2998,0
Mandalay,MDLRP02,125,493,493,0.1768,0.0349,0.1125,0.3042,0
Mandalay,MDLRP02,50,77,77,0.1835,0.0402,0.1216,0.2998,0
Mandalay,MDLRP02,75,178,178,0.1777,0.0352,0.1216,0.2998,0
Mandalay,MDLRP03,100,314,314,0.3059,0.1248,0.1074,0.6141,0
Mandalay,MDLRP03,125,493,493,0.2854,0.1221,0.1074,0.6141,0
Mandalay,MDLRP03,50,75,75,0.3397,0.0946,0.175,0.469,0
Mandalay,MDLRP03,75,177,177,0.3191,0.1193,0.1074,0.6141,0
Mandalay,MDLRP04,100,317,317,0.3268,0.1417,0.1206,0.5888,0
Mandalay,MDLRP04,125,488,488,0.2941,0.1422,0.1025,0.6141,0
Mandalay,MDLRP04,50,79,79,0.3937,0.1262,0.1206,0.526,0
Mandalay,MDLRP04,75,173,173,0.3669,0.1349,0.1206,0.5315,0
Mandalay,MDLRP05,100,316,316,0.1354,0.0459,0.0463,0.3206,0
Mandalay,MDLRP05,125,490,490,0.1445,0.0662,0.0353,0.4962,0
Mandalay,MDLRP05,50,78,78,0.1231,0.0398,0.0626,0.2166,0
Mandalay,MDLRP05,75,175,175,0.1275,0.0386,0.0626,0.2528,0
Mandalay,MDLRP06,100,316,316,0.1969,0.041,0.1078,0.4704,0
Mandalay,MDLRP06,125,487,487,0.1936,0.0432,0.1078,0.4704,0
Mandalay,MDLRP06,50,79,79,0.2268,0.0508,0.1753,0.4704,0
Mandalay,MDLRP06,75,175,175,0.2115,0.041,0.1424,0.4704,0
Mandalay,MDLRP07,100,312,312,0.1926,0.0487,0.0778,0.3868,0
Mandalay,MDLRP07,125,492,492,0.1823,0.0536,0.0654,0.4057,0
Mandalay,MDLRP07,50,78,78,0.1891,0.0458,0.125,0.3193,0
Mandalay,MDLRP07,75,178,178,0.1952,0.044,0.1221,0.3268,0
Mandalay,MDLRP08,100,317,317,0.1871,0.1043,0.0622,0.5476,0
Mandalay,MDLRP08,125,490,490,0.2086,0.1318,0.0622,0.5681,0
Mandalay,MDLRP08,50,79,79,0.1831,0.0599,0.0831,0.3595,0
Mandalay,MDLRP08,75,173,173,0.1829,0.0852,0.0622,0.5204,0
Mandalay,MDLRP09,100,317,317,0.2816,0.1329,0.0734,0.585,0
Mandalay,MDLRP09,125,491,491,0.2988,0.1376,0.0734,0.6005,0
Mandalay,MDLRP09,50,79,79,0.2563,0.1088,0.091,0.4775,0
Mandalay,MDLRP09,75,176,176,0.2674,0.12,0.0848,0.5149,0
Mandalay,MDLRP10,100,318,318,0.2122,0.0916,0.0639,0.5851,0
Mandalay,MDLRP10,125,494,494,0.2004,0.0864,0.0407,0.5851,0
Mandalay,MDLRP10,50,79,79,0.1906,0.0658,0.1124,0.4575,0
Mandalay,MDLRP10,75,179,179,0.2151,0.0941,0.1124,0.5851,0
Mawlamyine,MAWDT01,100,317,317,0.1606,0.1072,0,0.5689,0
Mawlamyine,MAWDT01,125,489,489,0.177,0.1259,0,0.6432,0
Mawlamyine,MAWDT01,50,80,80,0.1958,0.0958,0.0257,0.42,0
Mawlamyine,MAWDT01,75,175,175,0.1632,0.1001,0,0.5065,0
Mawlamyine,MAWDT02,100,316,316,0.1146,0.082,-0.0246,0.5088,0
Mawlamyine,MAWDT02,125,492,492,0.1294,0.0932,-0.0418,0.5307,0
Mawlamyine,MAWDT02,50,79,79,0.125,0.0754,0.0212,0.3462,0
Mawlamyine,MAWDT02,75,177,177,0.1177,0.0744,-0.0232,0.3462,0
Mawlamyine,MAWDT03,100,312,312,0.2103,0.1337,-0.0218,0.563,0
Mawlamyine,MAWDT03,125,493,493,0.2086,0.1343,-0.0253,0.563,0
Mawlamyine,MAWDT03,50,77,77,0.1597,0.1209,-0.0218,0.5264,0
Mawlamyine,MAWDT03,75,179,179,0.2073,0.1375,-0.0218,0.563,0
Mawlamyine,MAWDT04,100,316,316,0.2972,0.1647,0.0127,0.6215,0
Mawlamyine,MAWDT04,125,486,486,0.3035,0.1667,0.0044,0.6642,0
Mawlamyine,MAWDT04,50,80,80,0.222,0.1441,0.0219,0.5155,0
Mawlamyine,MAWDT04,75,175,175,0.2651,0.1525,0.0219,0.5948,0
Mawlamyine,MAWDT05,100,316,316,0.3958,0.1582,0.0247,0.7133,0
Mawlamyine,MAWDT05,125,488,488,0.3942,0.1517,0.0084,0.7133,0
Mawlamyine,MAWDT05,50,81,81,0.405,0.1555,0.0617,0.6483,0
Mawlamyine,MAWDT05,75,176,176,0.4064,0.1527,0.0373,0.686,0
Mawlamyine,MAWDT06,100,317,317,0.2278,0.1013,0.0663,0.5218,0
Mawlamyine,MAWDT06,125,489,489,0.251,0.1229,0.0157,0.6425,0
Mawlamyine,MAWDT06,50,79,79,0.2035,0.0799,0.0687,0.3894,0
Mawlamyine,MAWDT06,75,173,173,0.2293,0.1007,0.0663,0.5218,0
Mawlamyine,MAWDT07,100,312,312,0.3729,0.1539,0.0129,0.681,0
Mawlamyine,MAWDT07,125,492,492,0.3625,0.1625,0.0129,0.6812,0
Mawlamyine,MAWDT07,50,77,77,0.3493,0.1515,0.0884,0.6512,0
Mawlamyine,MAWDT07,75,177,177,0.3705,0.145,0.0884,0.6656,0
Mawlamyine,MAWDT08,100,309,309,0.3601,0.1366,0.0551,0.6286,0
Mawlamyine,MAWDT08,125,493,493,0.3619,0.1373,0.0379,0.6462,0
Mawlamyine,MAWDT08,50,77,77,0.3126,0.1091,0.1217,0.5437,0
Mawlamyine,MAWDT08,75,179,179,0.3388,0.1383,0.0551,0.6286,0
Mawlamyine,MAWDT09,100,317,317,0.434,0.1236,0.111,0.6378,0
Mawlamyine,MAWDT09,125,491,491,0.4203,0.1281,0.0528,0.6378,0
Mawlamyine,MAWDT09,50,79,79,0.461,0.1134,0.1644,0.6261,0
Mawlamyine,MAWDT09,75,176,176,0.4376,0.1213,0.128,0.6272,0
Mawlamyine,MAWDT10,100,316,316,0.278,0.1377,0.0077,0.6208,0
Mawlamyine,MAWDT10,125,487,487,0.2648,0.1461,0.0077,0.6208,0
Mawlamyine,MAWDT10,50,80,80,0.2822,0.1237,0.0677,0.6101,0
Mawlamyine,MAWDT10,75,172,172,0.2889,0.1268,0.0602,0.6208,0
Mawlamyine,MAWRP01,100,311,311,0.3958,0.1315,0.1309,0.6199,0
Mawlamyine,MAWRP01,125,494,494,0.3784,0.1299,0.1161,0.6199,0
Mawlamyine,MAWRP01,50,78,78,0.4364,0.1194,0.2007,0.6038,0
Mawlamyine,MAWRP01,75,178,178,0.4214,0.1277,0.2007,0.6038,0
Mawlamyine,MAWRP02,100,311,311,0.3351,0.0889,0.1568,0.5511,0
Mawlamyine,MAWRP02,125,493,493,0.3318,0.0912,0.1568,0.6698,0
Mawlamyine,MAWRP02,50,77,77,0.3616,0.0814,0.1926,0.5304,0
Mawlamyine,MAWRP02,75,180,180,0.3405,0.0884,0.1568,0.5511,0
Mawlamyine,MAWRP03,100,317,317,0.4677,0.1083,0.2246,0.7086,0
Mawlamyine,MAWRP03,125,493,493,0.4655,0.1114,0.1767,0.7086,0
Mawlamyine,MAWRP03,50,79,79,0.4199,0.1066,0.2577,0.6578,0
Mawlamyine,MAWRP03,75,179,179,0.4487,0.1118,0.2246,0.7086,0
Mawlamyine,MAWRP04,100,315,315,0.3681,0.1008,0.1485,0.7191,0
Mawlamyine,MAWRP04,125,493,493,0.3743,0.1226,0.1313,0.7191,0
Mawlamyine,MAWRP04,50,78,78,0.3765,0.0851,0.2601,0.5213,0
Mawlamyine,MAWRP04,75,177,177,0.366,0.0853,0.2428,0.5481,0
Mawlamyine,MAWRP05,100,316,316,0.3645,0.0874,0.1604,0.5705,0
Mawlamyine,MAWRP05,125,491,491,0.3501,0.0837,0.1604,0.5705,0
Mawlamyine,MAWRP05,50,79,79,0.3487,0.0776,0.221,0.5199,0
Mawlamyine,MAWRP05,75,175,175,0.3609,0.0795,0.221,0.5498,0
Mawlamyine,MAWRP06,100,311,311,0.337,0.0918,-0.0298,0.572,0
Mawlamyine,MAWRP06,125,493,493,0.3186,0.0924,-0.0298,0.572,0
Mawlamyine,MAWRP06,50,78,78,0.3795,0.071,0.2146,0.4994,0
Mawlamyine,MAWRP06,75,178,178,0.3672,0.0894,0.1974,0.572,0
Mawlamyine,MAWRP07,100,316,316,0.3536,0.086,0.2177,0.5939,0
Mawlamyine,MAWRP07,125,489,489,0.3455,0.0935,0.2078,0.6339,0
Mawlamyine,MAWRP07,50,79,79,0.3915,0.0613,0.2874,0.5281,0
Mawlamyine,MAWRP07,75,175,175,0.3695,0.0774,0.2383,0.5939,0
Mawlamyine,MAWRP08,100,313,313,0.3173,0.0806,0.1878,0.5986,0
Mawlamyine,MAWRP08,125,493,493,0.3463,0.1029,0.1868,0.6413,0
Mawlamyine,MAWRP08,50,78,78,0.292,0.0404,0.2175,0.389,0
Mawlamyine,MAWRP08,75,178,178,0.2962,0.052,0.2175,0.4508,0
Mawlamyine,MAWRP09,100,316,316,0.3353,0.0814,0.1992,0.6363,0
Mawlamyine,MAWRP09,125,488,488,0.3316,0.0801,0.1848,0.6363,0
Mawlamyine,MAWRP09,50,79,79,0.2857,0.0441,0.2155,0.4192,0
Mawlamyine,MAWRP09,75,176,176,0.318,0.0678,0.2155,0.5255,0
Mawlamyine,MAWRP10,100,314,314,0.338,0.1102,0.2123,0.5866,0
Mawlamyine,MAWRP10,125,493,493,0.3236,0.1052,0.1737,0.5866,0
Mawlamyine,MAWRP10,50,78,78,0.381,0.1258,0.2127,0.5866,0
Mawlamyine,MAWRP10,75,177,177,0.3497,0.1159,0.2125,0.5866,0
Mawlamyine,MAWUC01,100,316,316,0.3612,0.1484,0.0727,0.6519,0
Mawlamyine,MAWUC01,125,490,490,0.3745,0.1418,0.0727,0.6519,0
Mawlamyine,MAWUC01,50,80,80,0.3545,0.1777,0.0727,0.6519,0
Mawlamyine,MAWUC01,75,175,175,0.3512,0.1585,0.0727,0.6519,0
Mawlamyine,MAWUC02,100,313,313,0.4255,0.1526,0.1032,0.703,0
Mawlamyine,MAWUC02,125,492,492,0.4357,0.1499,0.1032,0.703,0
Mawlamyine,MAWUC02,50,79,79,0.3872,0.1032,0.2207,0.6292,0
Mawlamyine,MAWUC02,75,177,177,0.3946,0.1441,0.1032,0.703,0
Mawlamyine,MAWUC03,100,313,313,0.455,0.1136,0.1795,0.6261,0
Mawlamyine,MAWUC03,125,492,492,0.4471,0.1179,0.1379,0.6685,0
Mawlamyine,MAWUC03,50,79,79,0.4009,0.128,0.1795,0.6026,0
Mawlamyine,MAWUC03,75,178,178,0.4439,0.1173,0.1795,0.6261,0
Mawlamyine,MAWUC04,100,315,315,0.4471,0.0986,0.2099,0.6791,0
Mawlamyine,MAWUC04,125,493,493,0.4504,0.0998,0.1726,0.6791,0
Mawlamyine,MAWUC04,50,78,78,0.4355,0.108,0.2136,0.6535,0
Mawlamyine,MAWUC04,75,177,177,0.4322,0.1026,0.2136,0.6535,0
Mawlamyine,MAWUC05,100,314,314,0.5332,0.1334,0.1957,0.7578,0
Mawlamyine,MAWUC05,125,492,492,0.5351,0.1366,0.1957,0.7578,0
Mawlamyine,MAWUC05,50,75,75,0.5346,0.0929,0.2914,0.7334,0
Mawlamyine,MAWUC05,75,177,177,0.5364,0.1176,0.1957,0.7578,0
Mawlamyine,MAWUC06,100,314,314,0.5322,0.1081,0.2369,0.7343,0
Mawlamyine,MAWUC06,125,492,492,0.5342,0.1021,0.2336,0.7343,0
Mawlamyine,MAWUC06,50,78,78,0.482,0.1103,0.2369,0.6235,0
Mawlamyine,MAWUC06,75,177,177,0.514,0.116,0.2369,0.7343,0
Mawlamyine,MAWUC07,100,316,316,0.3602,0.1291,-0.0195,0.6122,0
Mawlamyine,MAWUC07,125,485,485,0.3618,0.1319,-0.0195,0.6268,0
Mawlamyine,MAWUC07,50,81,81,0.382,0.1263,0.1182,0.5879,0
Mawlamyine,MAWUC07,75,175,175,0.3716,0.1232,0.0876,0.6122,0
Mawlamyine,MAWUC08,100,317,317,0.517,0.1432,0.13,0.7064,0
Mawlamyine,MAWUC08,125,487,487,0.5256,0.1421,0.1246,0.7318,0
Mawlamyine,MAWUC08,50,80,80,0.4465,0.1505,0.1357,0.6858,0
Mawlamyine,MAWUC08,75,175,175,0.4886,0.1512,0.13,0.6995,0
Mawlamyine,MAWUC09,100,316,316,0.456,0.1431,0.0764,0.7142,0
Mawlamyine,MAWUC09,125,488,488,0.4832,0.1358,0.0764,0.7245,0
Mawlamyine,MAWUC09,50,80,80,0.3481,0.1202,0.0764,0.5672,0
Mawlamyine,MAWUC09,75,175,175,0.4112,0.1357,0.0764,0.7117,0
Mawlamyine,MAWUC10,100,315,315,0.4006,0.1287,0.1077,0.6548,0
Mawlamyine,MAWUC10,125,490,490,0.431,0.1394,0.1077,0.7142,0
Mawlamyine,MAWUC10,50,80,80,0.2878,0.107,0.1181,0.5432,0
Mawlamyine,MAWUC10,75,177,177,0.3592,0.1271,0.1077,0.5838,0
Mawlamyine,MAWMH01,100,317,317,0.4013,0.1249,0.1073,0.6281,0
Mawlamyine,MAWMH01,125,488,488,0.4103,0.1317,0.1073,0.6281,0
Mawlamyine,MAWMH01,50,81,81,0.368,0.1206,0.1362,0.5877,0
Mawlamyine,MAWMH01,75,176,176,0.3811,0.1202,0.1073,0.5896,0
Mawlamyine,MAWMH02,100,316,316,0.5373,0.1107,0.1058,0.695,0
Mawlamyine,MAWMH02,125,490,490,0.5546,0.1057,0.1058,0.7201,0
Mawlamyine,MAWMH02,50,78,78,0.5119,0.0812,0.2993,0.6451,0
Mawlamyine,MAWMH02,75,175,175,0.526,0.0944,0.2448,0.6759,0
Mawlamyine,MAWMH03,100,316,316,0.6065,0.1073,0.2578,0.7291,0
Mawlamyine,MAWMH03,125,488,488,0.6078,0.1027,0.2578,0.7325,0
Mawlamyine,MAWMH03,50,80,80,0.5892,0.1208,0.2636,0.715,0
Mawlamyine,MAWMH03,75,175,175,0.6086,0.1085,0.2636,0.7291,0
Mawlamyine,MAWMH04,100,313,313,0.6047,0.0962,0.2402,0.7219,0
Mawlamyine,MAWMH04,125,493,493,0.6099,0.0915,0.2402,0.7294,0
Mawlamyine,MAWMH04,50,78,78,0.5852,0.1012,0.3271,0.6897,0
Mawlamyine,MAWMH04,75,179,179,0.6022,0.0952,0.3271,0.7144,0
Mawlamyine,MAWMH05,100,314,314,0.6518,0.067,0.3304,0.7415,0
Mawlamyine,MAWMH05,125,492,492,0.6468,0.0845,0.2276,0.7415,0
Mawlamyine,MAWMH05,50,75,75,0.6386,0.0696,0.4101,0.7112,0
Mawlamyine,MAWMH05,75,177,177,0.6465,0.0662,0.4048,0.7415,0
Mawlamyine,MAWMH06,100,317,317,0.5804,0.1142,0.1816,0.735,0
Mawlamyine,MAWMH06,125,487,487,0.5891,0.1084,0.1816,0.741,0
Mawlamyine,MAWMH06,50,80,80,0.5616,0.126,0.3284,0.735,0
Mawlamyine,MAWMH06,75,176,176,0.5821,0.1152,0.1851,0.735,0
Mawlamyine,MAWMH07,100,311,311,0.4734,0.1013,0.2684,0.707,0
Mawlamyine,MAWMH07,125,493,493,0.4875,0.1054,0.2622,0.707,0
Mawlamyine,MAWMH07,50,77,77,0.4082,0.0711,0.2684,0.5977,0
Mawlamyine,MAWMH07,75,178,178,0.4495,0.093,0.2684,0.6855,0
Mawlamyine,MAWMH08,100,316,316,0.5828,0.1602,0.2672,0.76,0
Mawlamyine,MAWMH08,125,489,489,0.6025,0.1509,0.2672,0.7779,0
Mawlamyine,MAWMH08,50,80,80,0.465,0.1647,0.2672,0.7439,0
Mawlamyine,MAWMH08,75,174,174,0.5498,0.166,0.2672,0.7547,0
Mawlamyine,MAWMH09,100,313,313,0.6536,0.0985,0.3529,0.8154,0
Mawlamyine,MAWMH09,125,493,493,0.6681,0.096,0.3529,0.8154,0
Mawlamyine,MAWMH09,50,77,77,0.6081,0.1079,0.3529,0.7983,0
Mawlamyine,MAWMH09,75,177,177,0.6375,0.1031,0.3529,0.8129,0
Mawlamyine,MAWMH10,100,314,314,0.5781,0.0948,0.3111,0.7786,0
Mawlamyine,MAWMH10,125,489,489,0.6032,0.0909,0.3111,0.7786,0
Mawlamyine,MAWMH10,50,78,78,0.5118,0.1022,0.3111,0.6947,0
Mawlamyine,MAWMH10,75,177,177,0.5454,0.0991,0.3111,0.6947,0
Myeik,MGZDT01,100,314,314,0.1811,0.1699,-0.103,0.5838,0
Myeik,MGZDT01,125,488,488,0.1874,0.178,-0.103,0.6084,0
Myeik,MGZDT01,50,79,79,0.1408,0.145,-0.0808,0.5149,0
Myeik,MGZDT01,75,176,176,0.1667,0.1571,-0.103,0.5513,0
Myeik,MGZDT02,100,314,314,0.0902,0.1117,-0.0388,0.48,0
Myeik,MGZDT02,125,489,489,0.0924,0.1154,-0.0885,0.5105,0
Myeik,MGZDT02,50,79,79,0.066,0.0832,-0.025,0.4421,0
Myeik,MGZDT02,75,176,176,0.0822,0.0982,-0.0388,0.4422,0
Myeik,MGZDT03,100,308,312,0.0841,0.1098,-0.0984,0.4612,0.013
Myeik,MGZDT03,125,457,492,0.0864,0.109,-0.1467,0.4612,0.071
Myeik,MGZDT03,50,78,78,0.0406,0.0706,-0.0853,0.3101,0
Myeik,MGZDT03,75,180,180,0.0813,0.1145,-0.0853,0.4612,0
Myeik,MGZDT04,100,312,312,0.03,0.0457,-0.0967,0.2498,0
Myeik,MGZDT04,125,492,492,0.0369,0.0533,-0.0967,0.2859,0
Myeik,MGZDT04,50,78,78,0.0187,0.0428,-0.0967,0.1421,0
Myeik,MGZDT04,75,179,179,0.0259,0.0439,-0.0967,0.1421,0
Myeik,MGZDT05,100,298,315,0.0569,0.0728,-0.1354,0.3448,0.054
Myeik,MGZDT05,125,450,490,0.0554,0.0787,-0.1354,0.4328,0.082
Myeik,MGZDT05,50,80,80,0.0801,0.0873,-0.1354,0.3448,0
Myeik,MGZDT05,75,176,176,0.0654,0.076,-0.1354,0.3448,0
Myeik,MGZDT06,100,314,314,0.1915,0.1703,-0.0354,0.6357,0
Myeik,MGZDT06,125,490,490,0.1565,0.1523,-0.0407,0.6357,0
Myeik,MGZDT06,50,79,79,0.2727,0.1738,-0.0217,0.5642,0
Myeik,MGZDT06,75,175,175,0.2431,0.1776,-0.0217,0.6357,0
Myeik,MGZDT07,100,315,315,0.1216,0.0873,-0.0915,0.4178,0
Myeik,MGZDT07,125,493,493,0.1489,0.1093,-0.0915,0.5367,0
Myeik,MGZDT07,50,79,79,0.0913,0.069,-0.0496,0.3887,0
Myeik,MGZDT07,75,177,177,0.1095,0.0745,-0.0725,0.3887,0
Myeik,MGZDT08,100,315,315,0.2078,0.1681,-0.0417,0.6351,0
Myeik,MGZDT08,125,485,485,0.2312,0.1767,-0.0417,0.6351,0
Myeik,MGZDT08,50,80,80,0.1388,0.1099,-0.0234,0.4384,0
Myeik,MGZDT08,75,174,174,0.1768,0.1473,-0.0234,0.5632,0
Myeik,MGZDT09,100,315,315,0.1193,0.1124,-0.0376,0.489,0
Myeik,MGZDT09,125,490,490,0.1396,0.1314,-0.0752,0.5029,0
Myeik,MGZDT09,50,79,79,0.0644,0.0662,-0.0326,0.2736,0
Myeik,MGZDT09,75,177,177,0.0929,0.0878,-0.0326,0.4148,0
Myeik,MGZDT10,100,313,313,0.0727,0.0773,-0.0689,0.3652,0
Myeik,MGZDT10,125,493,493,0.0814,0.0865,-0.0689,0.4744,0
Myeik,MGZDT10,50,76,76,0.0685,0.0895,-0.0566,0.3652,0
Myeik,MGZDT10,75,177,177,0.0634,0.0742,-0.0689,0.3652,0
Myeik,MGZMH01,100,317,318,0.5191,0.1615,0.0541,0.6956,0.003
Myeik,MGZMH01,125,469,488,0.5086,0.1657,0.0541,0.7124,0.039
Myeik,MGZMH01,50,80,80,0.5445,0.1265,0.1676,0.6842,0
Myeik,MGZMH01,75,177,177,0.5256,0.1575,0.0541,0.6842,0
Myeik,MGZMH02,100,305,312,0.5907,0.1397,0.1079,0.7576,0.022
Myeik,MGZMH02,125,451,491,0.595,0.1383,0.1079,0.7576,0.081
Myeik,MGZMH02,50,77,77,0.6054,0.1028,0.1633,0.7132,0
Myeik,MGZMH02,75,179,179,0.6002,0.1152,0.1079,0.7315,0
Myeik,MGZMH03,100,315,315,0.6232,0.0878,0.2657,0.7493,0
Myeik,MGZMH03,125,485,485,0.6285,0.0837,0.2657,0.7493,0
Myeik,MGZMH03,50,81,81,0.5855,0.1135,0.2657,0.7364,0
Myeik,MGZMH03,75,175,175,0.6144,0.0961,0.2657,0.7493,0
Myeik,MGZMH04,100,312,312,0.6523,0.084,0.1789,0.7332,0
Myeik,MGZMH04,125,490,490,0.6572,0.0766,0.1789,0.7405,0
Myeik,MGZMH04,50,78,78,0.6506,0.0764,0.3871,0.7248,0
Myeik,MGZMH04,75,180,180,0.647,0.0908,0.1789,0.7248,0
Myeik,MGZMH05,100,297,314,0.2695,0.2766,-0.229,0.6775,0.054
Myeik,MGZMH05,125,424,489,0.2915,0.2829,-0.2317,0.6849,0.133
Myeik,MGZMH05,50,79,79,0.3246,0.1716,-0.0573,0.645,0
Myeik,MGZMH05,75,176,176,0.2696,0.2518,-0.2176,0.6509,0
Myeik,MGZMH06,100,258,317,0.3668,0.1985,-0.0766,0.6412,0.186
Myeik,MGZMH06,125,365,489,0.394,0.1988,-0.0911,0.6959,0.254
Myeik,MGZMH06,50,80,80,0.3458,0.1564,0.0497,0.5744,0
Myeik,MGZMH06,75,163,173,0.3403,0.1902,-0.0766,0.6205,0.058
Myeik,MGZMH07,100,275,313,0.3577,0.2395,-0.1637,0.6886,0.121
Myeik,MGZMH07,125,397,493,0.3723,0.2402,-0.1637,0.6886,0.195
Myeik,MGZMH07,50,78,78,0.355,0.1803,0.0519,0.6451,0
Myeik,MGZMH07,75,172,177,0.3328,0.2286,-0.1637,0.6886,0.028
Myeik,MGZMH08,100,183,313,0.5755,0.1675,-0.0408,0.7205,0.415
Myeik,MGZMH08,125,305,491,0.5456,0.1973,-0.0607,0.7328,0.379
Myeik,MGZMH08,50,51,77,0.6315,0.0731,0.4319,0.7199,0.338
Myeik,MGZMH08,75,102,178,0.6134,0.0983,0.2525,0.7199,0.427
Myeik,MGZMH09,100,316,316,0.6141,0.0414,0.4239,0.7061,0
Myeik,MGZMH09,125,492,492,0.613,0.0477,0.3116,0.7162,0
Myeik,MGZMH09,50,79,79,0.5978,0.051,0.4239,0.7061,0
Myeik,MGZMH09,75,179,179,0.6111,0.0426,0.4239,0.7061,0
Myeik,MGZMH10,100,314,314,0.6661,0.0415,0.332,0.7195,0
Myeik,MGZMH10,125,491,491,0.6668,0.04,0.332,0.7206,0
Myeik,MGZMH10,50,79,79,0.6723,0.02,0.6241,0.711,0
Myeik,MGZMH10,75,176,176,0.669,0.0302,0.4773,0.7155,0
Myeik,MGZRP01,100,316,316,0.3981,0.1228,0.2106,0.6045,0
Myeik,MGZRP01,125,489,489,0.3828,0.1198,0.2079,0.6288,0
Myeik,MGZRP01,50,78,78,0.4159,0.1214,0.224,0.5888,0
Myeik,MGZRP01,75,175,175,0.4053,0.1248,0.2209,0.6045,0
Myeik,MGZRP02,100,314,314,0.264,0.0356,0.1728,0.3438,0
Myeik,MGZRP02,125,491,491,0.2608,0.038,0.1241,0.3438,0
Myeik,MGZRP02,50,79,79,0.2664,0.0286,0.1931,0.3303,0
Myeik,MGZRP02,75,176,176,0.2674,0.0334,0.1841,0.3438,0
Myeik,MGZRP03,100,299,316,0.2832,0.1069,-0.233,0.6339,0.054
Myeik,MGZRP03,125,439,488,0.2906,0.1139,-0.233,0.6339,0.1
Myeik,MGZRP03,50,79,79,0.2887,0.0362,0.1861,0.3591,0
Myeik,MGZRP03,75,172,173,0.2795,0.0622,0.089,0.5822,0.006
Myeik,MGZRP04,100,313,313,0.4133,0.1059,0.2263,0.6293,0
Myeik,MGZRP04,125,491,491,0.4047,0.1071,0.2263,0.6293,0
Myeik,MGZRP04,50,78,78,0.395,0.0872,0.2513,0.574,0
Myeik,MGZRP04,75,180,180,0.411,0.1,0.2263,0.5862,0
Myeik,MGZRP05,100,312,312,0.3263,0.033,0.2322,0.4096,0
Myeik,MGZRP05,125,491,491,0.332,0.0381,0.2322,0.4613,0
Myeik,MGZRP05,50,77,77,0.3207,0.0221,0.2573,0.3703,0
Myeik,MGZRP05,75,180,180,0.3211,0.0275,0.2379,0.3911,0
Myeik,MGZRP06,100,314,314,0.2269,0.0345,0.1106,0.3055,0
Myeik,MGZRP06,125,490,490,0.2351,0.0384,0.1106,0.3685,0
Myeik,MGZRP06,50,79,79,0.2156,0.0325,0.1106,0.2729,0
Myeik,MGZRP06,75,176,176,0.2222,0.0336,0.1106,0.3055,0
Myeik,MGZRP07,100,313,313,0.2036,0.0268,0.1297,0.2709,0
Myeik,MGZRP07,125,492,492,0.2005,0.0304,0.1232,0.275,0
Myeik,MGZRP07,50,78,78,0.209,0.0229,0.1617,0.2709,0
Myeik,MGZRP07,75,178,178,0.2101,0.0224,0.1556,0.2709,0
Myeik,MGZRP08,100,316,316,0.2115,0.0307,0.1357,0.3008,0
Myeik,MGZRP08,125,488,488,0.2135,0.0316,0.1357,0.3008,0
Myeik,MGZRP08,50,80,80,0.2126,0.0265,0.1583,0.3008,0
Myeik,MGZRP08,75,175,175,0.2117,0.0288,0.1441,0.3008,0
Myeik,MGZRP09,100,312,312,0.2424,0.0445,0.1742,0.4472,0
Myeik,MGZRP09,125,494,494,0.2554,0.0596,0.1742,0.4945,0
Myeik,MGZRP09,50,78,78,0.2243,0.0172,0.1953,0.2733,0
Myeik,MGZRP09,75,178,178,0.2331,0.0288,0.1812,0.3953,0
Myeik,MGZRP10,100,316,316,0.3727,0.1102,0.1541,0.6254,0
Myeik,MGZRP10,125,485,485,0.391,0.1159,0.1541,0.6273,0
Myeik,MGZRP10,50,81,81,0.2856,0.0446,0.1541,0.407,0
Myeik,MGZRP10,75,175,175,0.3281,0.0856,0.1541,0.5766,0
Myeik,MGZUC01,100,311,311,0.3934,0.1353,0.0309,0.6454,0
Myeik,MGZUC01,125,494,494,0.3847,0.14,0.0135,0.6454,0
Myeik,MGZUC01,50,77,77,0.4743,0.115,0.1423,0.6454,0
Myeik,MGZUC01,75,178,178,0.4134,0.1373,0.0641,0.6454,0
Myeik,MGZUC02,100,315,315,0.3739,0.1621,0.0313,0.6798,0
Myeik,MGZUC02,125,491,491,0.3655,0.1515,0.0313,0.6798,0
Myeik,MGZUC02,50,75,75,0.3973,0.1863,0.1056,0.6798,0
Myeik,MGZUC02,75,177,177,0.3853,0.1718,0.0645,0.6798,0
Myeik,MGZUC03,100,314,314,0.4354,0.1111,0.1762,0.6365,0
Myeik,MGZUC03,125,491,491,0.4403,0.1075,0.171,0.6365,0
Myeik,MGZUC03,50,80,80,0.4207,0.0944,0.179,0.5828,0
Myeik,MGZUC03,75,175,175,0.4171,0.1058,0.1775,0.6106,0
Myeik,MGZUC04,100,314,314,0.4062,0.171,0.0101,0.665,0
Myeik,MGZUC04,125,491,491,0.4052,0.1572,0.0101,0.665,0
Myeik,MGZUC04,50,79,79,0.3744,0.1893,0.0158,0.6633,0
Myeik,MGZUC04,75,177,177,0.4042,0.1768,0.0158,0.665,0
Myeik,MGZUC05,100,317,317,0.4073,0.0847,0.1222,0.5768,0
Myeik,MGZUC05,125,488,488,0.4033,0.0923,0.0902,0.6555,0
Myeik,MGZUC05,50,79,79,0.3764,0.0718,0.1937,0.5138,0
Myeik,MGZUC05,75,173,173,0.391,0.0843,0.1222,0.5768,0
Myeik,MGZUC06,100,315,315,0.3917,0.1217,0.0478,0.6223,0
Myeik,MGZUC06,125,487,487,0.3941,0.1174,0.0478,0.6223,0
Myeik,MGZUC06,50,79,79,0.3633,0.1247,0.1062,0.5935,0
Myeik,MGZUC06,75,175,175,0.3886,0.1226,0.1062,0.6192,0
Myeik,MGZUC07,100,315,315,0.4885,0.1125,0.1518,0.6667,0
Myeik,MGZUC07,125,492,492,0.4987,0.1028,0.1518,0.6667,0
Myeik,MGZUC07,50,78,78,0.4998,0.0915,0.262,0.6238,0
Myeik,MGZUC07,75,177,177,0.472,0.1178,0.1518,0.6238,0
Myeik,MGZUC08,100,315,315,0.3092,0.1285,0.0246,0.61,0
Myeik,MGZUC08,125,492,492,0.3131,0.1238,0.0246,0.61,0
Myeik,MGZUC08,50,80,80,0.3049,0.1231,0.0804,0.5523,0
Myeik,MGZUC08,75,177,177,0.3028,0.1303,0.0246,0.61,0
Myeik,MGZUC09,100,315,315,0.2997,0.1066,0.0047,0.5328,0
Myeik,MGZUC09,125,486,486,0.3059,0.1087,0.0047,0.5374,0
Myeik,MGZUC09,50,80,80,0.3247,0.1032,0.049,0.5083,0
Myeik,MGZUC09,75,174,174,0.3125,0.0972,0.0207,0.5328,0
Myeik,MGZUC10,100,316,316,0.3747,0.1409,0.1096,0.6688,0
Myeik,MGZUC10,125,490,490,0.3819,0.1321,0.0966,0.6875,0
Myeik,MGZUC10,50,79,79,0.3554,0.1521,0.1096,0.6176,0
Myeik,MGZUC10,75,176,176,0.3748,0.1539,0.1096,0.6594,0
